-- phpMyAdmin SQL Dump
-- version 5.2.0
-- https://www.phpmyadmin.net/
--
-- Hôte : 127.0.0.1:3306
-- Généré le : dim. 14 avr. 2024 à 20:30
-- Version du serveur : 8.0.31
-- Version de PHP : 8.1.13

SET SQL_MODE = "NO_AUTO_VALUE_ON_ZERO";
START TRANSACTION;
SET time_zone = "+00:00";


/*!40101 SET @OLD_CHARACTER_SET_CLIENT=@@CHARACTER_SET_CLIENT */;
/*!40101 SET @OLD_CHARACTER_SET_RESULTS=@@CHARACTER_SET_RESULTS */;
/*!40101 SET @OLD_COLLATION_CONNECTION=@@COLLATION_CONNECTION */;
/*!40101 SET NAMES utf8mb4 */;

--
-- Base de données : `bddprojetsymfony`
--

-- --------------------------------------------------------

--
-- Structure de la table `doctrine_migration_versions`
--

DROP TABLE IF EXISTS `doctrine_migration_versions`;
CREATE TABLE IF NOT EXISTS `doctrine_migration_versions` (
  `version` varchar(191) COLLATE utf8mb3_unicode_ci NOT NULL,
  `executed_at` datetime DEFAULT NULL,
  `execution_time` int DEFAULT NULL,
  PRIMARY KEY (`version`)
) ENGINE=InnoDB DEFAULT CHARSET=utf8mb3 COLLATE=utf8mb3_unicode_ci;

-- --------------------------------------------------------

--
-- Structure de la table `employe`
--

DROP TABLE IF EXISTS `employe`;
CREATE TABLE IF NOT EXISTS `employe` (
  `id` int NOT NULL AUTO_INCREMENT,
  `login` varchar(50) COLLATE utf8mb4_unicode_ci NOT NULL,
  `mdp` varchar(50) COLLATE utf8mb4_unicode_ci NOT NULL,
  `nom` varchar(50) COLLATE utf8mb4_unicode_ci NOT NULL,
  `prenom` varchar(50) COLLATE utf8mb4_unicode_ci NOT NULL,
  `statut` int NOT NULL,
  PRIMARY KEY (`id`)
) ENGINE=InnoDB AUTO_INCREMENT=10 DEFAULT CHARSET=utf8mb4 COLLATE=utf8mb4_unicode_ci;

--
-- Déchargement des données de la table `employe`
--

INSERT INTO `employe` (`id`, `login`, `mdp`, `nom`, `prenom`, `statut`) VALUES
(1, 'Bonnefis', '8cc1151e8c561285e6c8c3bb308ecb7d', 'Bonnefis', 'Pierre', 0),
(3, 'Castaing', '8cc1151e8c561285e6c8c3bb308ecb7d', 'Castaing', 'Sabine', 1),
(8, 'tbo', '8cc1151e8c561285e6c8c3bb308ecb7d', 'Thibault', 'Laille', 0);

-- --------------------------------------------------------

--
-- Structure de la table `formation`
--

DROP TABLE IF EXISTS `formation`;
CREATE TABLE IF NOT EXISTS `formation` (
  `id` int NOT NULL AUTO_INCREMENT,
  `date_debut` date NOT NULL,
  `nb_heures` int NOT NULL,
  `departement` varchar(50) COLLATE utf8mb4_unicode_ci NOT NULL,
  `produit_id` int DEFAULT NULL,
  PRIMARY KEY (`id`),
  KEY `IDX_404021BFF347EFB` (`produit_id`)
) ENGINE=InnoDB AUTO_INCREMENT=24 DEFAULT CHARSET=utf8mb4 COLLATE=utf8mb4_unicode_ci;

--
-- Déchargement des données de la table `formation`
--

INSERT INTO `formation` (`id`, `date_debut`, `nb_heures`, `departement`, `produit_id`) VALUES
(15, '2023-12-09', 35, 'Marseille', 10),
(16, '2028-12-08', 75, 'Orléans', 11),
(17, '2018-01-01', 30, 'Paris', 9),
(18, '2027-04-14', 28, 'Nantes', 12),
(19, '2019-09-09', 13, 'Orléans', 10),
(20, '2022-06-06', 30, 'Orléans', 10),
(21, '2025-05-05', 80, 'Marseille', 11),
(22, '2024-04-24', 25, 'Paris', 9),
(23, '2019-01-01', 50, 'Paris', 10);

-- --------------------------------------------------------

--
-- Structure de la table `inscription`
--

DROP TABLE IF EXISTS `inscription`;
CREATE TABLE IF NOT EXISTS `inscription` (
  `id` int NOT NULL AUTO_INCREMENT,
  `employe_id` int DEFAULT NULL,
  `formation_id` int DEFAULT NULL,
  `statut` varchar(50) COLLATE utf8mb4_unicode_ci NOT NULL,
  PRIMARY KEY (`id`),
  KEY `IDX_5E90F6D61B65292` (`employe_id`),
  KEY `IDX_5E90F6D65200282E` (`formation_id`)
) ENGINE=InnoDB AUTO_INCREMENT=32 DEFAULT CHARSET=utf8mb4 COLLATE=utf8mb4_unicode_ci;

--
-- Déchargement des données de la table `inscription`
--

INSERT INTO `inscription` (`id`, `employe_id`, `formation_id`, `statut`) VALUES
(27, 8, 20, 'valide'),
(28, 1, 16, 'valide'),
(30, 1, 15, 'refus'),
(31, 1, 15, 'refus');

-- --------------------------------------------------------

--
-- Structure de la table `messenger_messages`
--

DROP TABLE IF EXISTS `messenger_messages`;
CREATE TABLE IF NOT EXISTS `messenger_messages` (
  `id` bigint NOT NULL AUTO_INCREMENT,
  `body` longtext COLLATE utf8mb4_unicode_ci NOT NULL,
  `headers` longtext COLLATE utf8mb4_unicode_ci NOT NULL,
  `queue_name` varchar(190) COLLATE utf8mb4_unicode_ci NOT NULL,
  `created_at` datetime NOT NULL,
  `available_at` datetime NOT NULL,
  `delivered_at` datetime DEFAULT NULL,
  PRIMARY KEY (`id`),
  KEY `IDX_75EA56E0FB7336F0` (`queue_name`),
  KEY `IDX_75EA56E0E3BD61CE` (`available_at`),
  KEY `IDX_75EA56E016BA31DB` (`delivered_at`)
) ENGINE=InnoDB DEFAULT CHARSET=utf8mb4 COLLATE=utf8mb4_unicode_ci;

-- --------------------------------------------------------

--
-- Structure de la table `produit`
--

DROP TABLE IF EXISTS `produit`;
CREATE TABLE IF NOT EXISTS `produit` (
  `id` int NOT NULL AUTO_INCREMENT,
  `libelle` varchar(50) COLLATE utf8mb4_unicode_ci NOT NULL,
  PRIMARY KEY (`id`)
) ENGINE=InnoDB AUTO_INCREMENT=16 DEFAULT CHARSET=utf8mb4 COLLATE=utf8mb4_unicode_ci;

--
-- Déchargement des données de la table `produit`
--

INSERT INTO `produit` (`id`, `libelle`) VALUES
(9, 'informatique'),
(10, 'RH'),
(11, 'économie'),
(12, 'direction'),
(14, ''),
(15, '');

--
-- Contraintes pour les tables déchargées
--

--
-- Contraintes pour la table `formation`
--
ALTER TABLE `formation`
  ADD CONSTRAINT `FK_404021BFF347EFB` FOREIGN KEY (`produit_id`) REFERENCES `produit` (`id`);

--
-- Contraintes pour la table `inscription`
--
ALTER TABLE `inscription`
  ADD CONSTRAINT `FK_5E90F6D61B65292` FOREIGN KEY (`employe_id`) REFERENCES `employe` (`id`),
  ADD CONSTRAINT `FK_5E90F6D65200282E` FOREIGN KEY (`formation_id`) REFERENCES `formation` (`id`);
COMMIT;

/*!40101 SET CHARACTER_SET_CLIENT=@OLD_CHARACTER_SET_CLIENT */;
/*!40101 SET CHARACTER_SET_RESULTS=@OLD_CHARACTER_SET_RESULTS */;
/*!40101 SET COLLATION_CONNECTION=@OLD_COLLATION_CONNECTION */;
